test@gmail.com,CSV測試,將資料寫入CSV資料庫
test@gmail.com,CSV測試2,將資料寫入CSV資料庫2nd
billgate@microsoft.com,3nd CSV測試,第三次寫入
victorlee@0001.com,李victor,賣合約
victorlee@0001.com,李victor,賣合約賣合約賣合約賣合約賣合約賣合約賣合約賣合約賣合約賣合約賣合約賣合約賣合約賣合約賣合約賣合約賣合約賣合約賣合約賣合約賣合約賣合約賣合約賣合約賣合約賣合約賣合約賣合約賣合約賣合約賣合約賣合約賣合約賣合約賣合約賣合約賣合約賣合約賣合約賣合約賣合約賣合約賣合約賣合約賣合約賣合約賣合約賣合約賣合約賣合約賣合約賣合約賣合約賣合約賣合約賣合約賣合約賣合約賣合約賣合約賣合約賣合約賣合約賣合約賣合約賣合約賣合約賣合約賣合約賣合約賣合約賣合約賣合約賣合約賣合約賣合約賣合約賣合約賣合約賣合約賣合約賣合約賣合約賣合約賣合約賣合約賣合約賣合約賣合約賣合約賣合約賣合約賣合約賣合約賣合約賣合約賣合約賣合約賣合約賣合約賣合約賣合約賣合約賣合約賣合約賣合約賣合約賣合約賣合約賣合約賣合約賣合約賣合約賣合約賣合約賣合約賣合約賣合約賣合約賣合約賣合約賣合約賣合約賣合約賣合約賣合約賣合約賣合約賣合約賣合約賣合約賣合約賣合約賣合約賣合約賣合約賣合約賣合約賣合約賣合約賣合約賣合約賣合約賣合約賣合約賣合約賣合約賣合約賣合約賣合約賣合約賣合約賣合約賣合約賣合約賣合約賣合約賣合約賣合約賣合約賣合約賣合約賣合約賣合約賣合約賣合約賣合約賣合約賣合約賣合約賣合約賣合約賣合約賣合約賣合約賣合約賣合約賣合約賣合約賣合約賣合約賣合約賣合約賣合約賣合約賣合約賣合約賣合約賣合約賣合約賣合約賣合約賣合約賣合約賣合約賣合約賣合約賣合約賣合約賣合約賣合約賣合約賣合約賣合約賣合約賣合約賣合約賣合約賣合約賣合約賣合約賣合約賣合約賣合約賣合約賣合約賣合約賣合約賣合約賣合約賣合約賣合約賣合約賣合約賣合約賣合約賣合約賣合約賣合約賣合約賣合約賣合約賣合約賣合約賣合約賣合約賣合約賣合約賣合約賣合約賣合約賣合約賣合約賣合約賣合約賣合約賣合約賣合約賣合約賣合約賣合約賣合約賣合約賣合約賣合約賣合約賣合約賣合約賣合約賣合約賣合約賣合約賣合約賣合約賣合約賣合約賣合約賣合約賣合約賣合約賣合約賣合約賣合約賣合約賣合約賣合約賣合約賣合約賣合約賣合約賣合約賣合約賣合約賣合約賣合約賣合約賣合約賣合約賣合約賣合約賣合約賣合約賣合約賣合約賣合約賣合約賣合約賣合約賣合約賣合約賣合約賣合約賣合約賣合約賣合約賣合約
richardlee@pccw.com,李擇界,你擇街
richardlee@pccw.com,李擇界了richardLee,你擇街了你擇街了你擇街了你擇街了你擇街了你擇街了你擇街了你擇街了你擇街了你擇街了你擇街了你擇街了你擇街了你擇街了你擇街了你擇街了你擇街了你擇街了你擇街了你擇街了你擇街了你擇街了你擇街了你擇街了你擇街了你擇街了你擇街了你擇街了你擇街了你擇街了你擇街了你擇街了你擇街了你擇街了你擇街了你擇街了你擇街了你擇街了你擇街了你擇街了你擇街了你擇街了你擇街了你擇街了你擇街了你擇街了你擇街了你擇街了你擇街了你擇街了你擇街了你擇街了你擇街了你擇街了你擇街了你擇街了你擇街了你擇街了你擇街了你擇街了你擇街了你擇街了你擇街了你擇街了你擇街了你擇街了你擇街了你擇街了你擇街了你擇街了你擇街了你擇街了你擇街了你擇街了你擇街了你擇街了你擇街了你擇街了你擇街了你擇街了你擇街了你擇街了你擇街了你擇街了你擇街了你擇街了你擇街了你擇街了你擇街了你擇街了你擇街了你擇街了你擇街了你擇街了你擇街了你擇街了你擇街了你擇街了你擇街了你擇街了你擇街了你擇街了你擇街了你擇街了你擇街了你擇街了你擇街了你擇街了你擇街了你擇街了你擇街了你擇街了你擇街了你擇街了你擇街了你擇街了你擇街了你擇街了你擇街了你擇街了你擇街了你擇街了你擇街了你擇街了你擇街了你擇街了你擇街了你擇街了你擇街了你擇街了你擇街了你擇街了你擇街了你擇街了你擇街了你擇街了你擇街了你擇街了你擇街了你擇街了你擇街了你擇街了你擇街了你擇街了你擇街了你擇街了你擇街了你擇街了你擇街了你擇街了你擇街了你擇街了你擇街了你擇街了你擇街了你擇街了你擇街了你擇街了你擇街了你擇街了你擇街了你擇街了你擇街了你擇街了你擇街了你擇街了你擇街了你擇街了你擇街了你擇街了你擇街了你擇街了你擇街了你擇街了你擇街了你擇街了你擇街了你擇街了你擇街了你擇街了你擇街了你擇街了你擇街了你擇街了你擇街了你擇街了你擇街了你擇街了你擇街了你擇街了你擇街了你擇街了你擇街了你擇街了你擇街了你擇街了你擇街了你擇街了你擇街了你擇街了你擇街了你擇街了你擇街了你擇街了你擇街了你擇街了你擇街了你擇街了你擇街了你擇街了你擇街了你擇街了你擇街了你擇街了你擇街了你擇街了你擇街了你擇街了你擇街了你擇街了你擇街了你擇街了你擇街了你擇街了你擇街了你擇街了你擇街了你擇街了你擇街了你擇街了你擇街了你擇街了你擇街了你擇街了你擇街了你擇街了你擇街了你擇街了你擇街了你擇街了你擇街了你擇街了你擇街了你擇街了你擇街了你擇街了你擇街了你擇街了你擇街了你擇街了你擇街了你擇街了你擇街了你擇街了你擇街了你擇街了你擇街了你擇街了你擇街了你擇街了你擇街了你擇街了你擇街了你擇街了你擇街了你擇街了你擇街了你擇街了你擇街了你擇街了你擇街了你擇街了你擇街了你擇街了你擇街了你擇街了你擇街了你擇街了你擇街了你擇街了你擇街了你擇街了你擇街了你擇街了你擇街了你擇街了你擇街了你擇街了你擇街了你擇街了你擇街了你擇街了你擇街了你擇街了你擇街了你擇街了你擇街了你擇街了你擇街了你擇街了你擇街了你擇街了你擇街了你擇街了你擇街了你擇街了你擇街了你擇街了你擇街了你擇街了你擇街了你擇街了你擇街了你擇街了你擇街了你擇街了你擇街了你擇街了你擇街了你擇街了你擇街了你擇街了你擇街了你擇街了你擇街了你擇街了你擇街了你擇街了你擇街了你擇街了你擇街了你擇街了你擇街了你擇街了你擇街了你擇街了你擇街了你擇街了你擇街了你擇街了你擇街了你擇街了你擇街了你擇街了你擇街了你擇街了你擇街了你擇街了你擇街了你擇街了你擇街了你擇街了你擇街了你擇街了你擇街了你擇街了你擇街了你擇街了你擇街了你擇街了你擇街了你擇街了你擇街了你擇街了你擇街了你擇街了你擇街了你擇街了你擇街了你擇街了你擇街了你擇街了你擇街了你擇街了你擇街了你擇街了你擇街了你擇街了你擇街了你擇街了你擇街了你擇街了你擇街了你擇街了你擇街了你擇街了你擇街了你擇街了你擇街了你擇街了你擇街了你擇街了你擇街了你擇街了你擇街了你擇街了你擇街了你擇街了你擇街了你擇街了你擇街了你擇街了你擇街了你擇街了你擇街了你擇街了你擇街了你擇街了你擇街了你擇街了你擇街了你擇街了你擇街了你擇街了你擇街了你擇街了你擇街了你擇街了你擇街了你擇街了你擇街了你擇街了你擇街了你擇街了你擇街了你擇街了你擇街了你擇街了你擇街了你擇街了你擇街了你擇街了你擇街了你擇街了你擇街了你擇街了你擇街了你擇街了你擇街了你擇街了你擇街了你擇街了你擇街了你擇街了你擇街了你擇街了你擇街了你擇街了你擇街了你擇街了你擇街了你擇街了你擇街了你擇街了你擇街了你擇街了你擇街了你擇街了你擇街了你擇街了你擇街了你擇街了你擇街了你擇街了你擇街了你擇街了你擇街了你擇街了你擇街了你擇街了你擇街了你擇街了你擇街了你擇街了你擇街了你擇街了你擇街了你擇街了你擇街了你擇街了你擇街了你擇街了你擇街了你擇街了你擇街了你擇街了你擇街了你擇街了你擇街了你擇街了你擇街了你擇街了你擇街了你擇街了你擇街了你擇街了你擇街了你擇街了你擇街了你擇街了你擇街了你擇街了你擇街了你擇街了你擇街了你擇街了你擇街了你擇街了你擇街了你擇街了你擇街了你擇街了你擇街了你擇街了你擇街了你擇街了你擇街了你擇街了你擇街了你擇街了你擇街了你擇街了你擇街了你擇街了你擇街了你擇街了你擇街了你擇街了你擇街了你擇街了你擇街了你擇街了你擇街了你擇街了你擇街了你擇街了你擇街了你擇街了你擇街了你擇街了你擇街了你擇街了你擇街了你擇街了你擇街了你擇街了你擇街了你擇街了你擇街了你擇街了你擇街了你擇街了你擇街了你擇街了你擇街了你擇街了你擇街了你擇街了你擇街了你擇街了你擇街了你擇街了你擇街了你擇街了你擇街了你擇街了你擇街了你擇街了你擇街了你擇街了你擇街了你擇街了你擇街了你擇街了你擇街了你擇街了你擇街了你擇街了你擇街了你擇街了你擇街了你擇街了你擇街了你擇街了你擇街了你擇街了你擇街了你擇街了你擇街了你擇街了你擇街了你擇街了你擇街了你擇街了你擇街了你擇街了你擇街了你擇街了你擇街了你擇街了你擇街了你擇街了你擇街了你擇街了你擇街了你擇街了你擇街了你擇街了你擇街了你擇街了你擇街了你擇街了你擇街了你擇街了你擇街了你擇街了你擇街了你擇街了你擇街了你擇街了你擇街了你擇街了你擇街了你擇街了你擇街了你擇街了你擇街了你擇街了你擇街了你擇街了你擇街了你擇街了你擇街了你擇街了你擇街了你擇街了你擇街了你擇街了你擇街了你擇街了你擇街了你擇街了你擇街了你擇街了你擇街了你擇街了你擇街了你擇街了你擇街了你擇街了你擇街了你擇街了你擇街了你擇街了你擇街了你擇街了你擇街了你擇街了你擇街了你擇街了你擇街了你擇街了你擇街了你擇街了你擇街了你擇街了你擇街了你擇街了你擇街了你擇街了你擇街了你擇街了你擇街了你擇街了你擇街了你擇街了你擇街了你擇街了你擇街了你擇街了你擇街了你擇街了你擇街了你擇街了你擇街了你擇街了你擇街了你擇街了你擇街了你擇街了你擇街了你擇街了你擇街了你擇街了你擇街了你擇街了你擇街了你擇街了你擇街了你擇街了你擇街了你擇街了你擇街了你擇街了你擇街了你擇街了你擇街了你擇街了你擇街了你擇街了你擇街了你擇街了你擇街了你擇街了你擇街了你擇街了你擇街了你擇街了你擇街了你擇街了你擇街了你擇街了你擇街了你擇街了你擇街了你擇街了你擇街了你擇街了你擇街了你擇街了你擇街了你擇街了你擇街了你擇街了你擇街了你擇街了你擇街了你擇街了你擇街了你擇街了你擇街了你擇街了你擇街了你擇街了你擇街了你擇街了你擇街了你擇街了你擇街了你擇街了你擇街了你擇街了你擇街了你擇街了你擇街了你擇街了你擇街了你擇街了你擇街了你擇街了你擇街了你擇街了你擇街了你擇街了你擇街了你擇街了你擇街了你擇街了你擇街了你擇街了你擇街了你擇街了你擇街了你擇街了你擇街了你擇街了你擇街了你擇街了你擇街了你擇街了你擇街了你擇街了你擇街了你擇街了你擇街了你擇街了你擇街了你擇街了你擇街了你擇街了你擇街了你擇街了你擇街了你擇街了你擇街了你擇街了你擇街了你擇街了你擇街了你擇街了你擇街了你擇街了你擇街了你擇街了你擇街了你擇街了你擇街了你擇街了你擇街了你擇街了你擇街了你擇街了你擇街了你擇街了你擇街了你擇街了你擇街了你擇街了你擇街了你擇街了你擇街了你擇街了你擇街了你擇街了你擇街了你擇街了你擇街了你擇街了你擇街了你擇街了你擇街了你擇街了你擇街了你擇街了你擇街了你擇街了你擇街了你擇街了你擇街了你擇街了你擇街了你擇街了你擇街了你擇街了你擇街了你擇街了你擇街了你擇街了你擇街了你擇街了你擇街了你擇街了你擇街了你擇街了你擇街了你擇街了你擇街了你擇街了你擇街了你擇街了你擇街了你擇街了你擇街了你擇街了你擇街了你擇街了你擇街了你擇街了你擇街了你擇街了你擇街了你擇街了你擇街了你擇街了你擇街了你擇街了你擇街了你擇街了你擇街了你擇街了你擇街了你擇街了你擇街了你擇街了你擇街了你擇街了你擇街了你擇街了你擇街了你擇街了你擇街了你擇街了你擇街了你擇街了你擇街了你擇街了你擇街了你擇街了你擇街了你擇街了你擇街了你擇街了你擇街了你擇街了你擇街了你擇街了你擇街了你擇街了你擇街了你擇街了你擇街了你擇街了你擇街了你擇街了你擇街了你擇街了你擇街了你擇街了你擇街了你擇街了你擇街了你擇街了你擇街了你擇街了你擇街了你擇街了你擇街了你擇街了你擇街了你擇街了你擇街了你擇街了你擇街了你擇街了你擇街了你擇街了你擇街了你擇街了你擇街了你擇街了你擇街了你擇街了你擇街了你擇街了你擇街了你擇街了你擇街了你擇街了你擇街了你擇街了你擇街了你擇街了你擇街了你擇街了你擇街了你擇街了你擇街了你擇街了你擇街了你擇街了你擇街了你擇街了你擇街了你擇街了你擇街了你擇街了你擇街了你擇街了你擇街了你擇街了你擇街了你擇街了你擇街了你擇街了你擇街了你擇街了你擇街了你擇街了你擇街了你擇街了你擇街了你擇街了你擇街了你擇街了你擇街了你擇街了你擇街了你擇街了你擇街了你擇街了你擇街了你擇街了你擇街了你擇街了你擇街了你擇街了你擇街了你擇街了你擇街了你擇街了你擇街了你擇街了你擇街了你擇街了你擇街了你擇街了你擇街了你擇街了你擇街了你擇街了你擇街了你擇街了你擇街了你擇街了你擇街了你擇街了你擇街了你擇街了你擇街了你擇街了你擇街了你擇街了你擇街了你擇街了你擇街了你擇街了你擇街了你擇街了你擇街了你擇街了你擇街了你擇街了你擇街了你擇街了你擇街了你擇街了你擇街了你擇街了你擇街了你擇街了你擇街了你擇街了你擇街了你擇街了你擇街了你擇街了你擇街了你擇街了你擇街了你擇街了你擇街了你擇街了你擇街了你擇街了你擇街了你擇街了你擇街了你擇街了你擇街了你擇街了你擇街了你擇街了你擇街了你擇街了你擇街了你擇街了你擇街了你擇街了你擇街了你擇街了你擇街了你擇街了你擇街了你擇街了你擇街了你擇街了你擇街了你擇街了你擇街了你擇街了你擇街了你擇街了你擇街了你擇街了你擇街了你擇街了你擇街了你擇街了你擇街了你擇街了你擇街了你擇街了你擇街了你擇街了你擇街了你擇街了你擇街了你擇街了你擇街了你擇街了你擇街了你擇街了你擇街了你擇街了你擇街了你擇街了你擇街了你擇街了你擇街了你擇街了你擇街了你擇街了你擇街了你擇街了你擇街了你擇街了你擇街了你擇街了你擇街了你擇街了你擇街了你擇街了你擇街了你擇街了你擇街了你擇街了你擇街了你擇街了你擇街了你擇街了你擇街了你擇街了你擇街了你擇街了你擇街了你擇街了你擇街了你擇街了你擇街了你擇街了你擇街了你擇街了你擇街了你擇街了你擇街了你擇街了你擇街了你擇街了你擇街了你擇街了你擇街了你擇街了你擇街了你擇街了你擇街了你擇街了你擇街了你擇街了你擇街了你擇街了你擇街了你擇街了你擇街了你擇街了你擇街了你擇街了你擇街了你擇街了你擇街了你擇街了你擇街了你擇街了你擇街了你擇街了你擇街了你擇街了你擇街了你擇街了你擇街了你擇街了你擇街了你擇街了你擇街了你擇街了你擇街了你擇街了你擇街了你擇街了你擇街了你擇街了你擇街了你擇街了你擇街了你擇街了你擇街了你擇街了你擇街了你擇街了你擇街了你擇街了你擇街了你擇街了你擇街了你擇街了你擇街了你擇街了你擇街了你擇街了你擇街了你擇街了你擇街了你擇街了你擇街了你擇街了你擇街了你擇街了你擇街了你擇街了你擇街了你擇街了你擇街了你擇街了你擇街了你擇街了你擇街了你擇街了你擇街了你擇街了你擇街了你擇街了你擇街了你擇街了你擇街了你擇街了你擇街了你擇街了你擇街了你擇街了你擇街了你擇街了你擇街了你擇街了你擇街了你擇街了你擇街了你擇街了你擇街了你擇街了你擇街了你擇街了你擇街了你擇街了你擇街了你擇街了你擇街了你擇街了你擇街了你擇街了你擇街了你擇街了你擇街了你擇街了你擇街了你擇街了你擇街了你擇街了你擇街了你擇街了你擇街了你擇街了你擇街了你擇街了你擇街了你擇街了你擇街了你擇街了你擇街了你擇街了你擇街了你擇街了你擇街了你擇街了你擇街了你擇街了你擇街了你擇街了你擇街了你擇街了你擇街了你擇街了你擇街了你擇街了你擇街了你擇街了你擇街了你擇街了你擇街了你擇街了你擇街了你擇街了你擇街了你擇街了你擇街了你擇街了你擇街了你擇街了你擇街了你擇街了你擇街了你擇街了你擇街了你擇街了你擇街了你擇街了你擇街了你擇街了你擇街了你擇街了你擇街了你擇街了你擇街了你擇街了你擇街了你擇街了你擇街了你擇街了你擇街了你擇街了你擇街了你擇街了你擇街了你擇街了你擇街了你擇街了你擇街了你擇街了你擇街了你擇街了你擇街了你擇街了你擇街了你擇街了你擇街了你擇街了你擇街了你擇街了你擇街了你擇街了你擇街了你擇街了你擇街了你擇街了你擇街了你擇街了你擇街了你擇街了你擇街了你擇街了你擇街了你擇街了你擇街了你擇街了你擇街了你擇街了你擇街了你擇街了你擇街了你擇街了你擇街了你擇街了你擇街了你擇街了你擇街了你擇街了你擇街了你擇街了你擇街了你擇街了你擇街了你擇街了你擇街了你擇街了你擇街了你擇街了你擇街了你擇街了你擇街了你擇街了你擇街了你擇街了你擇街了你擇街了你擇街了你擇街了你擇街了你擇街了你擇街了你擇街了你擇街了你擇街了你擇街了你擇街了你擇街了你擇街了你擇街了你擇街了你擇街了你擇街了你擇街了你擇街了你擇街了你擇街了你擇街了你擇街了你擇街了你擇街了你擇街了你擇街了你擇街了你擇街了你擇街了你擇街了你擇街了你擇街了你擇街了你擇街了你擇街了你擇街了你擇街了你擇街了你擇街了你擇街了你擇街了你擇街了你擇街了你擇街了你擇街了你擇街了你擇街了你擇街了你擇街了你擇街了你擇街了你擇街了你擇街了你擇街了你擇街了你擇街了你擇街了你擇街了你擇街了你擇街了你擇街了你擇街了你擇街了你擇街了你擇街了你擇街了你擇街了你擇街了你擇街了你擇街了你擇街了你擇街了你擇街了你擇街了你擇街了你擇街了你擇街了你擇街了你擇街了你擇街了你擇街了你擇街了你擇街了你擇街了你擇街了你擇街了你擇街了你擇街了你擇街了你擇街了你擇街了你擇街了你擇街了你擇街了你擇街了你擇街了你擇街了你擇街了你擇街了你擇街了你擇街了你擇街了你擇街了你擇街了你擇街了你擇街了你擇街了你擇街了你擇街了你擇街了你擇街了你擇街了你擇街了你擇街了你擇街了你擇街了你擇街了你擇街了你擇街了你擇街了你擇街了你擇街了你擇街了你擇街了你擇街了你擇街了你擇街了你擇街了你擇街了你擇街了你擇街了你擇街了你擇街了你擇街了你擇街了你擇街了你擇街了你擇街了你擇街了你擇街了你擇街了你擇街了你擇街了你擇街了你擇街了你擇街了你擇街了你擇街了你擇街了你擇街了你擇街了你擇街了你擇街了你擇街了你擇街了你擇街了你擇街了你擇街了你擇街了你擇街了你擇街了你擇街了你擇街了你擇街了你擇街了你擇街了你擇街了你擇街了你擇街了你擇街了你擇街了你擇街了你擇街了你擇街了你擇街了你擇街了你擇街了你擇街了你擇街了你擇街了你擇街了你擇街了你擇街了你擇街了你擇街了你擇街了你擇街了你擇街了你擇街了你擇街了你擇街了你擇街了你擇街了你擇街了你擇街了你擇街了你擇街了你擇街了你擇街了你擇街了你擇街了你擇街了你擇街了你擇街了你擇街了你擇街了你擇街了你擇街了你擇街了你擇街了你擇街了你擇街了你擇街了你擇街了你擇街了你擇街了你擇街了你擇街了你擇街了你擇街了你擇街了你擇街了你擇街了你擇街了你擇街了你擇街了你擇街了你擇街了你擇街了你擇街了你擇街了你擇街了你擇街了你擇街了你擇街了你擇街了你擇街了你擇街了你擇街了你擇街了你擇街了你擇街了你擇街了你擇街了你擇街了你擇街了你擇街了你擇街了你擇街了你擇街了你擇街了你擇街了你擇街了你擇街了你擇街了你擇街了你擇街了你擇街了你擇街了你擇街了你擇街了你擇街了你擇街了你擇街了你擇街了你擇街了你擇街了你擇街了你擇街了你擇街了你擇街了你擇街了你擇街了你擇街了你擇街了你擇街了你擇街了你擇街了你擇街了你擇街了你擇街了你擇街了你擇街了你擇街了你擇街了你擇街了你擇街了你擇街了你擇街了你擇街了你擇街了你擇街了你擇街了你擇街了你擇街了你擇街了你擇街了你擇街了你擇街了你擇街了你擇街了你擇街了你擇街了你擇街了你擇街了你擇街了你擇街了你擇街了你擇街了你擇街了你擇街了你擇街了你擇街了你擇街了你擇街了你擇街了你擇街了你擇街了你擇街了你擇街了你擇街了你擇街了你擇街了你擇街了你擇街了你擇街了你擇街了你擇街了你擇街了你擇街了你擇街了你擇街了你擇街了你擇街了你擇街了你擇街了你擇街了你擇街了你擇街了你擇街了你擇街了你擇街了你擇街了你擇街了你擇街了你擇街了你擇街了你擇街了你擇街了你擇街了你擇街了你擇街了你擇街了你擇街了你擇街了你擇街了你擇街了你擇街了你擇街了你擇街了你擇街了你擇街了你擇街了你擇街了你擇街了你擇街了你擇街了你擇街了你擇街了你擇街了你擇街了你擇街了你擇街了你擇街了你擇街了你擇街了你擇街了你擇街了你擇街了你擇街了你擇街了你擇街了你擇街了你擇街了你擇街了你擇街了你擇街了你擇街了你擇街了你擇街了你擇街了你擇街了你擇街了你擇街了你擇街了你擇街了你擇街了你擇街了你擇街了你擇街了你擇街了你擇街了你擇街了你擇街了你擇街了你擇街了你擇街了你擇街了你擇街了你擇街了你擇街了你擇街了你擇街了你擇街了你擇街了你擇街了你擇街了你擇街了你擇街了你擇街了你擇街了你擇街了你擇街了你擇街了你擇街了你擇街了你擇街了你擇街了你擇街了你擇街了你擇街了你擇街了你擇街了你擇街了你擇街了你擇街了你擇街了你擇街了你擇街了你擇街了你擇街了你擇街了你擇街了你擇街了你擇街了你擇街了你擇街了你擇街了你擇街了你擇街了你擇街了你擇街了你擇街了你擇街了你擇街了你擇街了你擇街了你擇街了你擇街了你擇街了你擇街了你擇街了你擇街了你擇街了你擇街了你擇街了你擇街了你擇街了你擇街了你擇街了你擇街了你擇街了你擇街了你擇街了你擇街了你擇街了你擇街了你擇街了你擇街了你擇街了你擇街了你擇街了你擇街了你擇街了你擇街了你擇街了你擇街了你擇街了你擇街了你擇街了你擇街了你擇街了你擇街了你擇街了你擇街了你擇街了你擇街了你擇街了你擇街了你擇街了你擇街了你擇街了你擇街了你擇街了你擇街了你擇街了你擇街了你擇街了你擇街了你擇街了你擇街了你擇街了你擇街了你擇街了你擇街了你擇街了你擇街了你擇街了你擇街了你擇街了你擇街了你擇街了你擇街了你擇街了你擇街了你擇街了你擇街了你擇街了你擇街了你擇街了你擇街了你擇街了你擇街了你擇街了你擇街了你擇街了你擇街了你擇街了你擇街了你擇街了你擇街了你擇街了你擇街了你擇街了你擇街了你擇街了你擇街了你擇街了你擇街了你擇街了你擇街了你擇街了你擇街了你擇街了你擇街了你擇街了你擇街了你擇街了你擇街了你擇街了你擇街了你擇街了你擇街了你擇街了你擇街了你擇街了你擇街了你擇街了你擇街了你擇街了你擇街了你擇街了你擇街了你擇街了你擇街了你擇街了你擇街了你擇街了你擇街了你擇街了你擇街了你擇街了你擇街了你擇街了你擇街了你擇街了你擇街了你擇街了你擇街了你擇街了你擇街了你擇街了你擇街了你擇街了你擇街了你擇街了你擇街了你擇街了你擇街了你擇街了你擇街了你擇街了你擇街了你擇街了你擇街了你擇街了你擇街了你擇街了你擇街了你擇街了你擇街了你擇街了你擇街了你擇街了你擇街了你擇街了你擇街了你擇街了你擇街了你擇街了你擇街了你擇街了你擇街了你擇街了你擇街了你擇街了你擇街了你擇街了你擇街了你擇街了你擇街了你擇街了你擇街了你擇街了你擇街了你擇街了你擇街了你擇街了你擇街了你擇街了你擇街了你擇街了你擇街了你擇街了你擇街了你擇街了你擇街了你擇街了你擇街了你擇街了你擇街了你擇街了你擇街了你擇街了你擇街了你擇街了你擇街了你擇街了你擇街了你擇街了你擇街了你擇街了你擇街了你擇街了你擇街了你擇街了你擇街了你擇街了你擇街了你擇街了你擇街了你擇街了你擇街了你擇街了你擇街了你擇街了你擇街了你擇街了你擇街了你擇街了你擇街了你擇街了你擇街了你擇街了你擇街了你擇街了你擇街了你擇街了你擇街了你擇街了你擇街了你擇街了你擇街了你擇街了你擇街了你擇街了你擇街了你擇街了你擇街了你擇街了你擇街了你擇街了你擇街了你擇街了你擇街了你擇街了你擇街了你擇街了你擇街了你擇街了你擇街了你擇街了你擇街了你擇街了你擇街了你擇街了你擇街了你擇街了你擇街了你擇街了你擇街了你擇街了你擇街了你擇街了你擇街了你擇街了你擇街了你擇街了你擇街了你擇街了你擇街了你擇街了你擇街了你擇街了你擇街了你擇街了你擇街了你擇街了你擇街了你擇街了你擇街了你擇街了你擇街了你擇街了你擇街了你擇街了你擇街了你擇街了你擇街了你擇街了你擇街了你擇街了你擇街了你擇街了你擇街了你擇街了你擇街了你擇街了你擇街了你擇街了你擇街了你擇街了你擇街了你擇街了你擇街了你擇街了你擇街了你擇街了你擇街了你擇街了你擇街了你擇街了你擇街了你擇街了你擇街了你擇街了你擇街了你擇街了你擇街了你擇街了你擇街了你擇街了你擇街了你擇街了你擇街了你擇街了你擇街了你擇街了你擇街了你擇街了你擇街了你擇街了你擇街了你擇街了你擇街了你擇街了你擇街了你擇街了你擇街了你擇街了你擇街了你擇街了你擇街了你擇街了你擇街了你擇街了你擇街了你擇街了你擇街了你擇街了你擇街了你擇街了你擇街了你擇街了你擇街了你擇街了你擇街了你擇街了你擇街了你擇街了你擇街了你擇街了你擇街了你擇街了你擇街了你擇街了你擇街了你擇街了你擇街了你擇街了你擇街了你擇街了你擇街了你擇街了你擇街了你擇街了你擇街了你擇街了你擇街了你擇街了你擇街了你擇街了你擇街了你擇街了你擇街了你擇街了你擇街了你擇街了你擇街了你擇街了你擇街了你擇街了你擇街了你擇街了你擇街了你擇街了你擇街了你擇街了你擇街了你擇街了你擇街了你擇街了你擇街了你擇街了你擇街了你擇街了你擇街了你擇街了你擇街了你擇街了你擇街了你擇街了你擇街了你擇街了你擇街了你擇街了你擇街了你擇街了你擇街了你擇街了你擇街了你擇街了你擇街了你擇街了你擇街了你擇街了你擇街了你擇街了你擇街了你擇街了你擇街了你擇街了你擇街了你擇街了你擇街了你擇街了你擇街了你擇街了你擇街了你擇街了你擇街了你擇街了你擇街了你擇街了你擇街了你擇街了你擇街了你擇街了你擇街了你擇街了你擇街了你擇街了你擇街了你擇街了你擇街了你擇街了你擇街了你擇街了你擇街了你擇街了你擇街了你擇街了你擇街了你擇街了你擇街了你擇街了你擇街了你擇街了你擇街了你擇街了你擇街了你擇街了你擇街了你擇街了你擇街了你擇街了你擇街了你擇街了你擇街了你擇街了你擇街了你擇街了你擇街了你擇街了你擇街了你擇街了你擇街了你擇街了你擇街了你擇街了你擇街了你擇街了你擇街了你擇街了你擇街了你擇街了你擇街了你擇街了你擇街了你擇街了你擇街了你擇街了你擇街了你擇街了你擇街了你擇街了你擇街了你擇街了你擇街了你擇街了你擇街了你擇街了你擇街了你擇街了你擇街了你擇街了你擇街了你擇街了你擇街了你擇街了你擇街了你擇街了你擇街了你擇街了你擇街了你擇街了你擇街了你擇街了你擇街了你擇街了你擇街了你擇街了你擇街了你擇街了你擇街了你擇街了你擇街了你擇街了你擇街了你擇街了你擇街了你擇街了你擇街了你擇街了你擇街了你擇街了你擇街了你擇街了你擇街了你擇街了你擇街了你擇街了你擇街了你擇街了你擇街了你擇街了你擇街了你擇街了你擇街了你擇街了你擇街了你擇街了你擇街了你擇街了你擇街了你擇街了你擇街了你擇街了你擇街了你擇街了你擇街了你擇街了你擇街了你擇街了你擇街了你擇街了你擇街了你擇街了你擇街了你擇街了你擇街了你擇街了你擇街了你擇街了你擇街了你擇街了你擇街了你擇街了你擇街了你擇街了你擇街了你擇街了你擇街了你擇街了你擇街了你擇街了你擇街了你擇街了你擇街了你擇街了你擇街了你擇街了你擇街了你擇街了你擇街了你擇街了你擇街了你擇街了你擇街了你擇街了你擇街了你擇街了你擇街了你擇街了你擇街了你擇街了你擇街了你擇街了你擇街了你擇街了你擇街了你擇街了你擇街了你擇街了你擇街了你擇街了你擇街了你擇街了你擇街了你擇街了你擇街了你擇街了你擇街了你擇街了你擇街了你擇街了你擇街了你擇街了你擇街了你擇街了你擇街了你擇街了你擇街了你擇街了你擇街了你擇街了你擇街了你擇街了你擇街了你擇街了你擇街了你擇街了你擇街了你擇街了你擇街了你擇街了你擇街了你擇街了你擇街了你擇街了你擇街了你擇街了你擇街了你擇街了你擇街了你擇街了你擇街了你擇街了你擇街了你擇街了你擇街了你擇街了你擇街了你擇街了你擇街了你擇街了你擇街了你擇街了你擇街了你擇街了你擇街了你擇街了你擇街了你擇街了你擇街了你擇街了你擇街了你擇街了你擇街了你擇街了你擇街了你擇街了你擇街了你擇街了你擇街了你擇街了你擇街了你擇街了你擇街了你擇街了你擇街了你擇街了你擇街了你擇街了你擇街了你擇街了你擇街了你擇街了你擇街了你擇街了你擇街了你擇街了你擇街了你擇街了你擇街了你擇街了你擇街了你擇街了你擇街了你擇街了你擇街了你擇街了你擇街了你擇街了你擇街了你擇街了你擇街了你擇街了你擇街了你擇街了你擇街了你擇街了你擇街了你擇街了你擇街了你擇街了你擇街了你擇街了你擇街了你擇街了你擇街了你擇街了你擇街了你擇街了你擇街了你擇街了你擇街了你擇街了你擇街了你擇街了你擇街了你擇街了你擇街了你擇街了你擇街了你擇街了你擇街了你擇街了你擇街了你擇街了你擇街了你擇街了你擇街了你擇街了你擇街了你擇街了你擇街了你擇街了你擇街了你擇街了你擇街了你擇街了你擇街了你擇街了你擇街了你擇街了你擇街了你擇街了你擇街了你擇街了你擇街了你擇街了你擇街了你擇街了你擇街了你擇街了你擇街了你擇街了你擇街了你擇街了你擇街了你擇街了你擇街了你擇街了你擇街了你擇街了你擇街了你擇街了你擇街了你擇街了你擇街了你擇街了你擇街了你擇街了你擇街了你擇街了你擇街了你擇街了你擇街了你擇街了你擇街了你擇街了你擇街了你擇街了你擇街了你擇街了你擇街了你擇街了你擇街了你擇街了你擇街了你擇街了你擇街了你擇街了你擇街了你擇街了你擇街了你擇街了你擇街了你擇街了你擇街了你擇街了你擇街了你擇街了你擇街了你擇街了你擇街了你擇街了你擇街了你擇街了你擇街了你擇街了你擇街了你擇街了你擇街了你擇街了你擇街了你擇街了你擇街了你擇街了你擇街了你擇街了你擇街了你擇街了你擇街了你擇街了你擇街了你擇街了你擇街了你擇街了你擇街了你擇街了你擇街了你擇街了你擇街了你擇街了你擇街了你擇街了你擇街了你擇街了你擇街了你擇街了你擇街了你擇街了你擇街了你擇街了你擇街了你擇街了你擇街了你擇街了你擇街了你擇街了你擇街了你擇街了你擇街了你擇街了你擇街了你擇街了你擇街了你擇街了你擇街了你擇街了你擇街了你擇街了你擇街了你擇街了你擇街了你擇街了你擇街了你擇街了你擇街了你擇街了你擇街了你擇街了你擇街了你擇街了你擇街了你擇街了你擇街了你擇街了你擇街了你擇街了你擇街了你擇街了你擇街了你擇街了你擇街了你擇街了你擇街了你擇街了你擇街了你擇街了你擇街了你擇街了你擇街了你擇街了你擇街了你擇街了你擇街了你擇街了你擇街了你擇街了你擇街了你擇街了你擇街了你擇街了你擇街了你擇街了你擇街了你擇街了你擇街了你擇街了你擇街了你擇街了你擇街了你擇街了你擇街了你擇街了你擇街了你擇街了你擇街了你擇街了你擇街了你擇街了你擇街了你擇街了你擇街了你擇街了你擇街了你擇街了你擇街了你擇街了你擇街了你擇街了你擇街了你擇街了你擇街了你擇街了你擇街了你擇街了你擇街了你擇街了你擇街了你擇街了你擇街了你擇街了你擇街了你擇街了你擇街了你擇街了你擇街了你擇街了你擇街了你擇街了你擇街了你擇街了你擇街了你擇街了你擇街了你擇街了你擇街了你擇街了你擇街了你擇街了你擇街了你擇街了你擇街了你擇街了你擇街了你擇街了你擇街了你擇街了你擇街了你擇街了你擇街了你擇街了你擇街了你擇街了你擇街了你擇街了你擇街了你擇街了你擇街了你擇街了你擇街了你擇街了你擇街了你擇街了你擇街了你擇街了你擇街了你擇街了你擇街了你擇街了你擇街了你擇街了你擇街了你擇街了你擇街了你擇街了你擇街了你擇街了你擇街了你擇街了你擇街了你擇街了你擇街了你擇街了你擇街了你擇街了你擇街了你擇街了你擇街了你擇街了你擇街了你擇街了你擇街了你擇街了你擇街了你擇街了你擇街了你擇街了你擇街了你擇街了你擇街了你擇街了你擇街了你擇街了你擇街了你擇街了你擇街了你擇街了你擇街了你擇街了你擇街了你擇街了你擇街了你擇街了你擇街了你擇街了你擇街了你擇街了你擇街了你擇街了你擇街了你擇街了你擇街了你擇街了你擇街了你擇街了你擇街了你擇街了你擇街了你擇街了你擇街了你擇街了你擇街了你擇街了你擇街了你擇街了你擇街了你擇街了你擇街了你擇街了你擇街了你擇街了你擇街了你擇街了你擇街了你擇街了你擇街了你擇街了你擇街了你擇街了你擇街了你擇街了你擇街了你擇街了你擇街了你擇街了你擇街了你擇街了你擇街了你擇街了你擇街了你擇街了你擇街了你擇街了你擇街了你擇街了你擇街了你擇街了你擇街了你擇街了你擇街了你擇街了你擇街了你擇街了你擇街了你擇街了你擇街了你擇街了你擇街了你擇街了你擇街了你擇街了你擇街了你擇街了你擇街了你擇街了你擇街了你擇街了你擇街了你擇街了你擇街了你擇街了你擇街了你擇街了你擇街了你擇街了你擇街了你擇街了你擇街了你擇街了你擇街了你擇街了你擇街了你擇街了你擇街了你擇街了你擇街了你擇街了你擇街了你擇街了你擇街了你擇街了你擇街了你擇街了你擇街了你擇街了你擇街了你擇街了你擇街了你擇街了你擇街了你擇街了你擇街了你擇街了你擇街了你擇街了你擇街了你擇街了你擇街了你擇街了你擇街了你擇街了你擇街了你擇街了你擇街了你擇街了你擇街了你擇街了你擇街了你擇街了你擇街了你擇街了你擇街了你擇街了你擇街了你擇街了你擇街了你擇街了你擇街了你擇街了你擇街了你擇街了你擇街了你擇街了你擇街了你擇街了你擇街了你擇街了你擇街了你擇街了你擇街了你擇街了你擇街了你擇街了你擇街了你擇街了你擇街了你擇街了你擇街了你擇街了你擇街了你擇街了你擇街了你擇街了你擇街了你擇街了你擇街了你擇街了你擇街了你擇街了你擇街了你擇街了你擇街了你擇街了你擇街了你擇街了你擇街了你擇街了你擇街了你擇街了你擇街了你擇街了你擇街了你擇街了你擇街了你擇街了你擇街了你擇街了你擇街了你擇街了你擇街了你擇街了你擇街了你擇街了你擇街了你擇街了你擇街了你擇街了你擇街了你擇街了你擇街了你擇街了你擇街了你擇街了你擇街了你擇街了你擇街了你擇街了你擇街了你擇街了你擇街了你擇街了你擇街了你擇街了你擇街了你擇街了你擇街了你擇街了你擇街了你擇街了你擇街了你擇街了你擇街了你擇街了你擇街了你擇街了你擇街了你擇街了你擇街了你擇街了你擇街了你擇街了你擇街了你擇街了你擇街了你擇街了你擇街了你擇街了你擇街了你擇街了你擇街了你擇街了你擇街了你擇街了你擇街了你擇街了你擇街了你擇街了你擇街了你擇街了你擇街了你擇街了你擇街了你擇街了你擇街了你擇街了你擇街了你擇街了你擇街了你擇街了你擇街了你擇街了你擇街了你擇街了你擇街了你擇街了你擇街了你擇街了你擇街了你擇街了你擇街了你擇街了你擇街了你擇街了你擇街了你擇街了你擇街了你擇街了你擇街了你擇街了你擇街了你擇街了你擇街了你擇街了你擇街了你擇街了你擇街了你擇街了你擇街了你擇街了你擇街了你擇街了你擇街了你擇街了你擇街了你擇街了你擇街了你擇街了你擇街了你擇街了你擇街了你擇街了你擇街了你擇街了你擇街了你擇街了你擇街了你擇街了你擇街了你擇街了你擇街了你擇街了你擇街了你擇街了你擇街了你擇街了你擇街了你擇街了你擇街了你擇街了你擇街了你擇街了你擇街了你擇街了你擇街了你擇街了你擇街了你擇街了你擇街了你擇街了你擇街了你擇街了你擇街了你擇街了你擇街了你擇街了你擇街了你擇街了你擇街了你擇街了你擇街了你擇街了你擇街了你擇街了你擇街了你擇街了你擇街了你擇街了你擇街了你擇街了你擇街了你擇街了你擇街了你擇街了你擇街了你擇街了你擇街了你擇街了你擇街了你擇街了你擇街了你擇街了你擇街了你擇街了你擇街了你擇街了你擇街了你擇街了你擇街了你擇街了你擇街了你擇街了你擇街了你擇街了你擇街了你擇街了你擇街了你擇街了你擇街了你擇街了你擇街了你擇街了你擇街了你擇街了你擇街了你擇街了你擇街了你擇街了你擇街了你擇街了你擇街了你擇街了你擇街了你擇街了你擇街了你擇街了你擇街了你擇街了你擇街了你擇街了你擇街了你擇街了你擇街了你擇街了你擇街了你擇街了你擇街了你擇街了你擇街了你擇街了你擇街了你擇街了你擇街了你擇街了你擇街了你擇街了你擇街了你擇街了你擇街了你擇街了你擇街了你擇街了你擇街了你擇街了你擇街了你擇街了你擇街了你擇街了你擇街了你擇街了你擇街了你擇街了你擇街了你擇街了你擇街了你擇街了你擇街了你擇街了你擇街了你擇街了你擇街了你擇街了你擇街了你擇街了你擇街了你擇街了你擇街了你擇街了你擇街了你擇街了你擇街了你擇街了你擇街了你擇街了你擇街了你擇街了你擇街了你擇街了你擇街了你擇街了你擇街了你擇街了你擇街了你擇街了你擇街了你擇街了你擇街了你擇街了你擇街了你擇街了你擇街了你擇街了你擇街了你擇街了你擇街了你擇街了你擇街了你擇街了你擇街了你擇街了你擇街了你擇街了你擇街了你擇街了你擇街了你擇街了你擇街了你擇街了你擇街了你擇街了你擇街了你擇街了你擇街了你擇街了你擇街了你擇街了你擇街了你擇街了你擇街了你擇街了你擇街了你擇街了你擇街了你擇街了你擇街了你擇街了你擇街了你擇街了你擇街了你擇街了你擇街了你擇街了你擇街了你擇街了你擇街了你擇街了你擇街了你擇街了你擇街了你擇街了你擇街了你擇街了你擇街了你擇街了你擇街了你擇街了你擇街了你擇街了你擇街了你擇街了你擇街了你擇街了你擇街了你擇街了你擇街了你擇街了你擇街了你擇街了你擇街了你擇街了你擇街了你擇街了你擇街了你擇街了你擇街了你擇街了你擇街了你擇街了你擇街了你擇街了你擇街了你擇街了你擇街了你擇街了你擇街了你擇街了你擇街了你擇街了你擇街了你擇街了你擇街了你擇街了你擇街了你擇街了你擇街了你擇街了你擇街了你擇街了你擇街了你擇街了你擇街了你擇街了你擇街了你擇街了你擇街了你擇街了你擇街了你擇街了你擇街了你擇街了你擇街了你擇街了你擇街了你擇街了你擇街了你擇街了你擇街了你擇街了你擇街了你擇街了你擇街了你擇街了你擇街了你擇街了你擇街了你擇街了你擇街了你擇街了你擇街了你擇街了你擇街了你擇街了你擇街了你擇街了你擇街了你擇街了你擇街了你擇街了你擇街了你擇街了你擇街了你擇街了你擇街了你擇街了你擇街了你擇街了你擇街了你擇街了你擇街了你擇街了你擇街了你擇街了你擇街了你擇街了你擇街了你擇街了你擇街了你擇街了你擇街了你擇街了你擇街了你擇街了你擇街了你擇街了你擇街了你擇街了你擇街了你擇街了你擇街了你擇街了你擇街了你擇街了你擇街了你擇街了你擇街了你擇街了你擇街了你擇街了你擇街了你擇街了你擇街了你擇街了你擇街了你擇街了你擇街了你擇街了你擇街了你擇街了你擇街了你擇街了你擇街了你擇街了你擇街了你擇街了你擇街了你擇街了你擇街了你擇街了你擇街了你擇街了你擇街了你擇街了你擇街了你擇街了你擇街了你擇街了你擇街了你擇街了你擇街了你擇街了你擇街了你擇街了你擇街了你擇街了你擇街了你擇街了你擇街了你擇街了你擇街了你擇街了你擇街了你擇街了你擇街了你擇街了你擇街了你擇街了你擇街了你擇街了你擇街了你擇街了你擇街了你擇街了你擇街了你擇街了你擇街了你擇街了你擇街了你擇街了你擇街了你擇街了你擇街了你擇街了你擇街了你擇街了你擇街了你擇街了你擇街了你擇街了你擇街了你擇街了你擇街了你擇街了你擇街了你擇街了你擇街了你擇街了你擇街了你擇街了你擇街了你擇街了你擇街了你擇街了你擇街了你擇街了你擇街了你擇街了你擇街了你擇街了你擇街了你擇街了你擇街了你擇街了你擇街了你擇街了你擇街了你擇街了你擇街了你擇街了你擇街了你擇街了你擇街了你擇街了你擇街了你擇街了你擇街了你擇街了你擇街了你擇街了你擇街了你擇街了你擇街了你擇街了你擇街了你擇街了你擇街了你擇街了你擇街了你擇街了你擇街了你擇街了你擇街了你擇街了你擇街了你擇街了你擇街了你擇街了你擇街了你擇街了你擇街了你擇街了你擇街了你擇街了你擇街了你擇街了你擇街了你擇街了你擇街了你擇街了你擇街了你擇街了你擇街了你擇街了你擇街了你擇街了你擇街了你擇街了你擇街了你擇街了你擇街了你擇街了你擇街了你擇街了你擇街了你擇街了你擇街了你擇街了你擇街了你擇街了你擇街了你擇街了你擇街了你擇街了你擇街了你擇街了你擇街了你擇街了你擇街了你擇街了你擇街了你擇街了你擇街了你擇街了你擇街了你擇街了你擇街了你擇街了你擇街了你擇街了你擇街了你擇街了你擇街了你擇街了你擇街了你擇街了你擇街了你擇街了你擇街了你擇街了你擇街了你擇街了你擇街了你擇街了你擇街了你擇街了你擇街了你擇街了你擇街了你擇街了你擇街了你擇街了你擇街了你擇街了你擇街了你擇街了你擇街了你擇街了你擇街了你擇街了你擇街了你擇街了你擇街了你擇街了你擇街了你擇街了你擇街了你擇街了你擇街了你擇街了你擇街了你擇街了你擇街了你擇街了你擇街了你擇街了你擇街了你擇街了你擇街了你擇街了你擇街了你擇街了你擇街了你擇街了你擇街了你擇街了你擇街了你擇街了你擇街了你擇街了你擇街了你擇街了你擇街了你擇街了你擇街了你擇街了你擇街了你擇街了你擇街了你擇街了你擇街了你擇街了你擇街了你擇街了你擇街了你擇街了你擇街了你擇街了你擇街了你擇街了你擇街了你擇街了你擇街了你擇街了你擇街了你擇街了你擇街了你擇街了你擇街了你擇街了你擇街了你擇街了你擇街了你擇街了你擇街了你擇街了你擇街了你擇街了你擇街了你擇街了你擇街了你擇街了你擇街了你擇街了你擇街了你擇街了你擇街了你擇街了你擇街了你擇街了你擇街了你擇街了你擇街了你擇街了你擇街了你擇街了你擇街了你擇街了你擇街了你擇街了你擇街了你擇街了你擇街了你擇街了你擇街了你擇街了你擇街了你擇街了你擇街了你擇街了你擇街了你擇街了你擇街了你擇街了你擇街了你擇街了你擇街了你擇街了你擇街了你擇街了你擇街了你擇街了你擇街了你擇街了你擇街了你擇街了你擇街了你擇街了你擇街了你擇街了你擇街了你擇街了你擇街了你擇街了你擇街了你擇街了你擇街了你擇街了你擇街了你擇街了你擇街了你擇街了你擇街了你擇街了你擇街了你擇街了你擇街了你擇街了你擇街了你擇街了你擇街了你擇街了你擇街了你擇街了你擇街了你擇街了你擇街了你擇街了
short@short.com,no long message,短的訊息
short@short.com,no long message,短的訊息
short@short.com,no long message,短的訊息
elonmusk@tesla.com,"這是第一次在txt,csv檔都有紀錄",純文字檔和CSV檔也會分別記錄在硬碟上，使用者可以透過contact me聯絡我。即使伺服器關機，重關後也可以在硬碟內找到之前聯絡我的紀錄。
timcook@apple.com,i am the ceo of apple,tim cook is the CEO after steeve Jobs.
jackma@alibaba.com,localhosttesting,goodgoodgoood
